,x,r,theta,eps,regime,mach,T,P,n_chan,w_chan,d_chan,t_wall,A_chan,D_hyd,mdot_chan,T_c_i,dT_c,T_c_e,dx,A_w_segment,T_aw,R_soot,rho_c,cp_c,cond_c,visc_c,u_c,Re_c,Pr_c,f_darcy,Nu_c,h_c,T_wg,T_wc,q_tot
0,0.0,45.121,0.0,8.0,0.0,0.07426464870357675,3018.3610780804474,19.934178820186624,60.0,0.5,0.5,1.5,0.25,0.5,0.005992112397391808,550.157497904504,0.0,0.0,,,,,,,,,,,,,,,,,
1,3.318,45.121,0.0,8.0,0.0,0.07426464870357675,3018.3610780804474,19.934178820186624,60.0,0.5,0.5,1.5,0.25,0.5,0.005992112397391808,547.5479930505746,2.6095048539294194,550.157497904504,3.318,940.6649588857399,3019.6571513798326,0.000526667590690191,619.9909523769088,3067.640026315651,0.07014173217967207,9.417087491057961e-05,38.65935381424112,127260.41683443308,4.11855162699532,0.01710688216989713,578.6477576516177,81174.7120871351,593.0885775573117,581.8125639873763,2781416.680584088
2,6.637,45.121,0.0,8.0,0.0,0.07426464870357675,3018.3610780804474,19.934178820186624,60.0,0.5,0.5,1.5,0.25,0.5,0.005992112397391808,544.9248824749208,2.6231105756538455,547.5479930505746,3.3189999999999995,940.948462489985,3019.6571513798326,0.000526667590690191,621.8921698065899,3056.1334894644874,0.0706039179676369,9.62569705383138e-05,38.541166384232625,124502.40982821555,4.166541457251416,0.01718460368945637,571.0983716281845,80643.5651637747,590.7433959766228,579.4545087987972,2784592.170530317
3,9.955,45.121,0.0,8.0,0.0,0.07426464870357675,3018.3610780804474,19.934178820186624,60.0,0.5,0.5,1.5,0.25,0.5,0.005992112397391808,542.2895947923371,2.6352876825836664,544.9248824749208,3.3180000000000005,940.66495888574,3019.6571513798326,0.000526667590690191,623.8022131424881,3044.573536516066,0.07106824933261771,9.84073722113376e-05,38.42315574486811,121781.77839203496,4.215785305621925,0.017263515094800085,563.5910522240378,80106.85884218058,588.3921234573578,577.0903242975712,2787777.1260806993
4,13.274,45.121,0.0,8.0,0.0,0.07426464870357675,3018.3610780804474,19.934178820186624,60.0,0.5,0.5,1.5,0.25,0.5,0.005992112397391808,539.6403784962748,2.6492162960622156,542.2895947923371,3.318999999999999,940.9484624899849,3019.6571513798326,0.000526667590690191,625.7223518677924,3032.9524843117592,0.07153503488586477,0.00010062601373445926,38.30524755591834,119096.68633409886,4.26635590280006,0.01734369577302065,556.1208525103,79564.24917016232,586.033370821545,574.7186136298524,2790973.4406175087
5,16.592,45.121,0.0,8.0,0.0,0.07426464870357675,3018.3610780804474,19.934178820186624,60.0,0.5,0.5,1.5,0.25,0.5,0.005992112397391808,536.9786717590639,2.661706737210875,539.6403784962748,3.3179999999999996,940.6649588857398,3019.6571513798326,0.000526667590690191,627.6515436023893,3021.27664153831,0.07200402122486516,0.00010291432011629005,38.18750998683275,116448.56402142876,4.318267593362813,0.017425130121427716,548.691887659123,79016.04464983766,583.6685993794815,572.3408460865924,2794179.14557933
6,19.91,45.121,0.0,8.0,0.0,0.07426464870357675,3018.3610780804474,19.934178820186624,60.0,0.5,0.5,1.5,0.25,0.5,0.005992112397391808,534.3035109579007,2.6751608011631522,536.9786717590639,3.3180000000000014,940.6649588857404,3019.6571513798326,0.000526667590690191,629.5904867752683,3009.541781167927,0.0724753781376442,0.00010527585552984099,38.06990431563294,113836.4037458392,4.371582376066146,0.01750787618990627,541.3015107314977,78462.06335348672,581.2971392085792,569.9563480186207,2797395.1601897553
7,23.229,45.121,0.0,8.0,0.0,0.07426464870357675,3018.3610780804474,19.934178820186624,60.0,0.5,0.5,1.5,0.25,0.5,0.005992112397391808,531.6139128096802,2.6895981482205147,534.3035109579007,3.318999999999999,940.9484624899849,3019.6571513798326,0.000526667590690191,631.5398940651079,2997.743589930943,0.07294927887632509,0.00010771442101083842,37.95239194674887,111259.24163467159,4.426366101244047,0.01759199486690434,533.9471340550447,77902.11677479198,578.9183177292186,567.5644430992248,2800622.4087318024
8,26.547,45.121,0.0,8.0,0.0,0.07426464870357675,3018.3610780804474,19.934178820186624,60.0,0.5,0.5,1.5,0.25,0.5,0.005992112397391808,528.9113299110119,2.702582898668333,531.6139128096802,3.3180000000000014,940.6649588857404,3019.6571513798326,0.000526667590690191,633.4987126371482,2985.8884397876445,0.07342546749687148,0.00011023175400525839,37.835040721378306,108718.44418090212,4.482637035928173,0.0176774719249909,526.6328413277814,77336.52514739618,576.5336248756843,565.1666294103259,2803858.881455079
9,29.865,45.121,0.0,8.0,0.0,0.07426464870357675,3018.3610780804474,19.934178820186624,60.0,0.5,0.5,1.5,0.25,0.5,0.005992112397391808,526.1947761363532,2.7165537746586828,528.9113299110119,3.317999999999998,940.6649588857393,3019.6571513798326,0.000526667590690191,635.4676572302519,2973.9720049997272,0.07390411775223729,0.00011283195619280238,37.717811940321354,106213.03750424649,4.540465256776461,0.017764370521641166,519.3560588114427,76765.10265147747,574.142402129819,562.7622447660489,2807105.483063272
10,33.184,45.121,0.0,8.0,0.0,0.07426464870357675,3018.3610780804474,19.934178820186624,60.0,0.5,0.5,1.5,0.25,0.5,0.005992112397391808,523.4632447840332,2.731531352319993,526.1947761363532,3.318999999999999,940.9484624899849,3019.6571513798326,0.000526667590690191,637.4474574967567,2961.98986956964,0.07438540702084082,0.00011551940683285899,37.60066701605628,103742.09081702761,4.599925260632855,0.017852756972302132,512.1142706823626,76187.65693177718,571.7439896940964,560.3506256882496,2810363.1214422225
11,36.502,45.121,0.0,8.0,0.0,0.07426464870357675,3018.3610780804474,19.934178820186624,60.0,0.5,0.5,1.5,0.25,0.5,0.005992112397391808,520.718202957111,2.745041826922265,523.4632447840332,3.318000000000005,940.6649588857414,3019.6571513798326,0.000526667590690191,639.4370500877008,2949.9484690916634,0.07486907680264414,0.0001182962255774162,37.48367346915523,101306.90760662369,4.661040104198221,0.017942618784953752,504.91153097755443,75604.5203825983,569.3399094131767,557.9333023551513,2813629.740979569
12,39.821,45.121,0.0,8.0,0.0,0.07426464870357675,3018.3610780804474,19.934178820186624,60.0,0.5,0.5,1.5,0.25,0.5,0.005992112397391808,517.9578045560482,2.7603984010627864,520.718202957111,3.3189999999999955,940.9484624899839,3019.6571513798326,0.000526667590690191,641.4377730467991,2937.8397054655616,0.07535545237595523,0.00012116803584697472,37.36675730167594,98905.82702783684,4.723908562960231,0.01803405277397501,497.7431780552194,75015.32469879338,566.9287888001666,555.5088946733656,2816907.2179442155
13,43.139,45.121,0.0,8.0,0.0,0.07426464870357675,3018.3610780804474,19.934178820186624,60.0,0.5,0.5,1.5,0.25,0.5,0.005992112397391808,515.1835263853769,2.774278170671377,517.9578045560482,3.318000000000005,940.6649588857414,3019.6571513798326,0.000526667590690191,643.4485559935108,2925.6700568420943,0.0758442735313599,0.00012413725928023302,37.249985824521694,96540.11103733077,4.788557467881242,0.018127047843207535,490.6132471700936,74420.41063295453,564.5121731456607,553.0789564035161,2820193.463062313
14,46.457,45.121,0.0,8.0,0.0,0.07426464870357675,3018.3610780804474,19.934178820186624,60.0,0.5,0.5,1.5,0.25,0.5,0.005992112397391808,512.3943417329178,2.7891846524590735,515.1835263853769,3.317999999999998,940.6649588857393,3019.6571513798326,0.000526667590690191,645.4701430836899,2913.4350194456174,0.07633572117308003,0.00012720913150781905,37.133320334631726,94208.84061335638,4.855073520401105,0.018221677255503537,483.5192843220141,73819.58653962494,562.0894321866308,550.6428537651188,2823489.343972949
15,49.776,45.121,0.0,8.0,0.0,0.07426464870357675,3018.3610780804474,19.934178820186624,60.0,0.5,0.5,1.5,0.25,0.5,0.005992112397391808,509.58920162324046,2.8051401096773287,512.3943417329178,3.3190000000000026,940.9484624899859,3019.6571513798326,0.000526667590690191,647.5032946094834,2901.1299918405066,0.07682998012806892,0.0001303892539970902,37.01672221455317,91911.13859007935,4.923549046272228,0.018318018080473276,476.45889160737346,73212.6543480725,559.6599374886384,548.1999548106769,2826795.7272305205
16,53.094,45.121,0.0,8.0,0.0,0.07426464870357675,3018.3610780804474,19.934178820186624,60.0,0.5,0.5,1.5,0.25,0.5,0.005992112397391808,506.7695974299609,2.819604193279549,509.58920162324046,3.317999999999998,940.6649588857393,3019.6571513798326,0.000526667590690191,649.5469296307515,2888.761516086267,0.07732678761987472,0.0001336805879194783,36.90025846660933,89648.20533256663,4.994017593591602,0.01841606174483155,469.4360775689068,72599.96774255577,557.2252734095863,545.7518525952632,2830110.467533025
17,56.412,45.121,0.0,8.0,0.0,0.07426464870357675,3018.3610780804474,19.934178820186624,60.0,0.5,0.5,1.5,0.25,0.5,0.005992112397391808,503.9344760285445,2.835121401416429,506.7695974299609,3.317999999999998,940.6649588857393,3019.6571513798326,0.000526667590690191,651.6018114468911,2876.3249725468136,0.07782632920651292,0.00013708923356801686,36.783890358353894,87419.15380858583,5.066578239000274,0.018515888743337438,462.4484591327658,71981.33204302253,554.7848338515898,543.2979376344825,2833434.4002197925
18,59.731,45.121,0.0,8.0,0.0,0.07426464870357675,3018.3610780804474,19.934178820186624,60.0,0.5,0.5,1.5,0.25,0.5,0.005992112397391808,501.08276091028057,2.851715118263951,503.9344760285445,3.3190000000000026,940.9484624899859,3019.6571513798326,0.000526667590690191,653.6687203060333,2863.815639009037,0.07832879456623475,0.00014062172623672522,36.66757922628718,85223.13809893891,5.141336605667357,0.018617583854387883,455.49370848650676,71356.54623650401,552.3380170535493,540.8376047991627,2836768.356082016
19,63.049,45.121,0.0,8.0,0.0,0.07426464870357675,3018.3610780804474,19.934178820186624,60.0,0.5,0.5,1.5,0.25,0.5,0.005992112397391808,498.2159580007654,2.8668029095151866,501.08276091028057,3.317999999999998,940.6649588857393,3019.6571513798326,0.000526667590690191,655.7465647208353,2851.240121366158,0.07883391835856433,0.00014428169450189025,36.55139177095208,83061.29780466786,5.218334502559873,0.018721141646881743,448.57580916732195,70725.97743504719,549.8864520864023,538.3724921170359,2840110.1257770513
20,66.368,45.121,0.0,8.0,0.0,0.07426464870357675,3018.3610780804474,19.934178820186624,60.0,0.5,0.5,1.5,0.25,0.5,0.005992112397391808,495.3321122262534,2.8838457745119777,498.2159580007654,3.3189999999999955,940.9484624899839,3019.6571513798326,0.000526667590690191,657.8367617189726,2838.5898434916835,0.07934204506280348,0.00014807745058084516,36.43525413042595,80932.13887580165,5.297710021669017,0.018826683115917613,441.6903734449081,70089.2350273448,547.4288207158708,535.9012740278625,2843461.5163753615
21,69.686,45.121,0.0,8.0,0.0,0.07426464870357675,3018.3610780804474,19.934178820186624,60.0,0.5,0.5,1.5,0.25,0.5,0.005992112397391808,492.432739180449,2.899373045804376,495.3321122262534,3.318000000000012,940.6649588857433,3019.6571513798326,0.000526667590690191,659.9382128057065,2825.871453688958,0.0798529076349789,0.0001520131556016002,36.319232807668655,78836.76085372615,5.379511525909299,0.018934205339342,434.84136910131497,69446.69536543015,544.966785620477,533.4256223618877,2846820.270452034
22,73.004,45.121,0.0,8.0,0.0,0.07426464870357675,3018.3610780804474,19.934178820186624,60.0,0.5,0.5,1.5,0.25,0.5,0.005992112397391808,489.5167378000647,2.916001380384326,492.432739180449,3.317999999999998,940.6649588857393,3019.6571513798326,0.000526667590690191,662.0517160262021,2813.080122033764,0.08036670007979932,0.0001560967713645695,36.20328897179179,76774.32845035622,5.4638640656305055,0.0190438033636416,428.0265305727636,68798.15961747669,542.4997975064899,530.9449847508462,2850187.146392109
23,76.323,45.121,0.0,8.0,0.0,0.07426464870357675,3018.3610780804474,19.934178820186624,60.0,0.5,0.5,1.5,0.25,0.5,0.005992112397391808,486.582981560496,2.933756239568673,489.5167378000647,3.3189999999999884,940.9484624899819,3019.6571513798326,0.000526667590690191,664.1780878798603,2800.210906913272,0.08088362088819634,0.00016033684817092037,36.0873838311612,74744.04624698832,5.550901234366345,0.019155577507012595,421.2436465785196,68143.42282283668,540.0273171069501,528.4588189036897,2853562.890137579
24,79.641,45.121,0.0,8.0,0.0,0.07426464870357675,3018.3610780804474,19.934178820186624,60.0,0.5,0.5,1.5,0.25,0.5,0.005992112397391808,483.6330004647558,2.9499810957402044,486.582981560496,3.318000000000012,940.6649588857433,3019.6571513798326,0.000526667590690191,666.3162194281474,2787.270519838698,0.08140340047731114,0.00016473850898151624,35.97158359755624,72746.9543634649,5.640683151735701,0.019269529361250124,414.4966625809707,67482.87564117533,537.5510644583779,525.9688543409777,2856945.162292053
25,82.959,45.121,0.0,8.0,0.0,0.07426464870357675,3018.3610780804474,19.934178820186624,60.0,0.5,0.5,1.5,0.25,0.5,0.005992112397391808,480.6656620542681,2.9673384104876965,483.6330004647558,3.317999999999998,940.6649588857393,3019.6571513798326,0.000526667590690191,668.4669314713767,2774.2539931672527,0.08192623838362688,0.00016931116490805938,35.8558493489121,70782.24759301242,5.733354595563317,0.019385764571132447,407.7833834818717,66816.31736803551,535.0705374336256,523.4745861225549,2860334.656730783
26,86.278,45.121,0.0,8.0,0.0,0.07426464870357675,3018.3610780804474,19.934178820186624,60.0,0.5,0.5,1.5,0.25,0.5,0.005992112397391808,477.6798070214524,2.9858550328157056,480.6656620542681,3.3190000000000026,940.9484624899859,3019.6571513798326,0.000526667590690191,670.6310642698863,2761.156241480303,0.08245233887435693,0.00017406493879541316,35.74014218333533,68849.15984642517,5.829070451357653,0.019504394794548276,401.10166811863195,66143.54132557457,532.5852485695887,520.9755240489357,2863732.0484277224
27,89.596,45.121,0.0,8.0,0.0,0.07426464870357675,3018.3610780804474,19.934178820186624,60.0,0.5,0.5,1.5,0.25,0.5,0.005992112397391808,474.6769796114506,3.0028274100018315,477.6798070214524,3.317999999999998,940.6649588857393,3019.6571513798326,0.000526667590690191,672.8074985625187,2747.984038763589,0.08298142985721346,0.00017900615992336817,35.624528027373096,66948.67260385909,5.927905450125447,0.019625427231501406,394.45544111177435,65464.953036825806,530.0969855176631,518.4734656467917,2867134.901481605
28,92.915,45.121,0.0,8.0,0.0,0.07426464870357675,3018.3610780804474,19.934178820186624,60.0,0.5,0.5,1.5,0.25,0.5,0.005992112397391808,471.6550977529493,3.021881858501293,474.6769796114506,3.3190000000000026,940.9484624899859,3019.6571513798326,0.000526667590690191,674.9977434241512,2734.7282518030875,0.08351387818816494,0.00018414760441312565,35.50893291580395,65079.44989551766,6.0300595208354215,0.01974901762095801,387.840584030054,64780.14258222535,527.6045526141517,515.9672085936835,2870544.858382135
29,96.233,45.121,0.0,8.0,0.0,0.07426464870357675,3018.3610780804474,19.934178820186624,60.0,0.5,0.5,1.5,0.25,0.5,0.005992112397391808,468.6157150584739,3.039382694475415,471.6550977529493,3.317999999999998,940.6649588857393,3019.6571513798326,0.000526667590690191,677.2006728041935,2721.3956956755014,0.08404941012441304,0.0001894965758920335,35.3934225881927,63242.434531438084,6.135619098509733,0.019875177641391503,381.2610083522052,64089.52571088352,525.1097896251271,513.458602832192,2873959.4089239757
30,99.551,45.121,0.0,8.0,0.0,0.07426464870357675,3018.3610780804474,19.934178820186624,60.0,0.5,0.5,1.5,0.25,0.5,0.005992112397391808,465.55764171562583,3.058073342848049,468.6157150584739,3.317999999999998,940.6649588857393,3019.6571513798326,0.000526667590690191,679.417149072723,2707.9811511497646,0.08458823530804685,0.00019506568022704195,35.27795791183616,61436.86978065476,6.244771313260701,0.02000403468791299,374.7146370136765,63392.899778164465,522.6123036646354,510.94725327357077,2877379.0964626186
31,102.87,45.121,0.0,8.0,0.0,0.07426464870357675,3018.3610780804474,19.934178820186624,60.0,0.5,0.5,1.5,0.25,0.5,0.005992112397391808,462.4796584787955,3.0779832368303475,465.55764171562583,3.3190000000000026,940.9484624899859,3019.6571513798326,0.000526667590690191,681.6480559328614,2694.4792698830847,0.08513056856721657,0.00020086851614861082,35.162499740082865,59662.036761984105,6.357716879422267,0.020135723741217828,368.1994466802686,62690.05648405161,520.1117271969983,508.4327903164941,2880804.4305243944
32,106.188,45.121,0.0,8.0,0.0,0.07426464870357675,3018.3610780804474,19.934178820186624,60.0,0.5,0.5,1.5,0.25,0.5,0.005992112397391808,459.3833327610452,3.096325717750283,462.4796584787955,3.317999999999998,940.6649588857393,3019.6571513798326,0.000526667590690191,683.8922573314583,2680.896927489601,0.08567613372750246,0.00020691417068627462,35.047113536702284,57918.820905476896,6.474563455573229,0.020270264553879598,361.7193301183486,61981.42739808448,517.609991302644,505.91715574516263,2884232.77084539
33,109.506,45.121,0.0,8.0,0.0,0.07426464870357675,3018.3610780804474,19.934178820186624,60.0,0.5,0.5,1.5,0.25,0.5,0.005992112397391808,456.26743695136116,3.115895809684023,459.3833327610452,3.317999999999998,940.6649588857393,3019.6571513798326,0.000526667590690191,686.1506430348381,2667.2287389308412,0.08622514709101883,0.00021321779817888532,34.931760004705374,56206.49353450832,6.595531096676024,0.020407800691155432,355.2722816936661,61266.80949279648,515.1067934024007,503.40004528483723,2887664.53566567
34,112.825,45.121,0.0,8.0,0.0,0.07426464870357675,3018.3610780804474,19.934178820186624,60.0,0.5,0.5,1.5,0.25,0.5,0.005992112397391808,453.1307122724343,3.1367246789268606,456.26743695136116,3.3190000000000026,940.9484624899859,3019.6571513798326,0.000526667590690191,688.424125398501,2653.4691824542606,0.08677783045130652,0.0002197957779697092,34.81639981122518,54524.363049572334,6.72085623992921,0.020548484512786992,348.8563495827539,60545.99431190787,512.6018651452259,500.88118907644315,2891100.0969664087
35,116.143,45.121,0.0,8.0,0.0,0.07426464870357675,3018.3610780804474,19.934178820186624,60.0,0.5,0.5,1.5,0.25,0.5,0.005992112397391808,449.9747395624825,3.1559727099518025,453.1307122724343,3.317999999999998,940.6649588857393,3019.6571513798326,0.000526667590690191,690.7115586388105,2639.6251925647857,0.08733390526846553,0.0002266594720371367,34.70109814985868,52873.25822774385,6.850673294449504,0.020692345849062897,342.4754088355846,59819.42982405189,510.0972487651585,498.36264069883697,2894536.6563593163
36,119.462,45.121,0.0,8.0,0.0,0.07426464870357675,3018.3610780804474,19.934178820186624,60.0,0.5,0.5,1.5,0.25,0.5,0.005992112397391808,446.79728695684634,3.177452605636158,449.9747395624825,3.3190000000000026,940.9484624899859,3019.6571513798326,0.000526667590690191,693.0145604001126,2625.686978964902,0.08789376479169236,0.0002338294434057715,34.58578067353884,51251.99213679442,6.985284181468763,0.020839592463581955,336.1256114318272,59086.6908633056,507.5920000012533,495.8434506319267,2897975.511100564
37,122.78,45.121,0.0,8.0,0.0,0.07426464870357675,3018.3610780804474,19.934178820186624,60.0,0.5,0.5,1.5,0.25,0.5,0.005992112397391808,443.59994399164145,3.197342965204897,446.79728695684634,3.317999999999998,940.6649588857393,3019.6571513798326,0.000526667590690191,695.3319785945782,2611.6615143137346,0.08845712894853835,0.00024131891913052134,34.47051239900233,49661.35617531816,7.1248450097857825,0.020990262278161965,329.81082102046963,58348.23664726197,505.088249115768,493.32576098996975,2901413.7376969005
38,126.098,45.121,0.0,8.0,0.0,0.07426464870357675,3018.3610780804474,19.934178820186624,60.0,0.5,0.5,1.5,0.25,0.5,0.005992112397391808,440.38141358842626,3.2185304032151762,443.59994399164145,3.317999999999998,940.6649588857393,3019.6571513798326,0.000526667590690191,697.6647533381765,2597.5431088469904,0.0890242262811119,0.00024914882965691086,34.35525368722345,48100.666622782985,7.269648415803322,0.021144532826130834,323.52915232326774,57603.86492992581,502.5859037283734,490.8094788828444,2904851.4618971446
39,129.417,45.121,0.0,8.0,0.0,0.07426464870357675,3018.3610780804474,19.934178820186624,60.0,0.5,0.5,1.5,0.25,0.5,0.005992112397391808,437.14036426931466,3.241049319111611,440.38141358842626,3.3190000000000026,940.9484624899859,3019.6571513798326,0.000526667590690191,700.013849679422,2583.325921903776,0.089595291392621,0.000257341877467623,34.239964824329995,46569.27552062098,7.4200098299836315,0.021302593071436175,317.27877428049294,56853.36846870878,500.0849266817434,488.2945669503361,2908288.733747124
40,132.735,45.121,0.0,8.0,0.0,0.07426464870357675,3018.3610780804474,19.934178820186624,60.0,0.5,0.5,1.5,0.25,0.5,0.005992112397391808,433.8783981708161,3.2619660984985597,437.14036426931466,3.318000000000012,940.6649588857433,3019.6571513798326,0.000526667590690191,702.3781063977833,2569.016981416102,0.0901700419904578,0.0002659147598020303,34.12471056720693,45067.91877105919,7.576125268000792,0.02146449562937686,311.06353377838496,56097.22380499432,497.58760693462267,485.78332691663655,2911722.4044365715
41,136.053,45.121,0.0,8.0,0.0,0.07426464870357675,3018.3610780804474,19.934178820186624,60.0,0.5,0.5,1.5,0.25,0.5,0.005992112397391808,430.59417219321745,3.284225977598709,433.8783981708161,3.3179999999999836,940.6649588857352,3019.6571513798326,0.000526667590690191,704.758496965217,2554.6103957427677,0.09074871472556835,0.000274893148520058,34.00945102865526,43595.93849211258,7.738345353446027,0.021630443908469785,304.8816185059121,55335.230045725155,495.0940278780173,483.27584265769906,2915152.354345174
42,139.372,45.121,0.0,8.0,0.0,0.07426464870357675,3018.3610780804474,19.934178820186624,60.0,0.5,0.5,1.5,0.25,0.5,0.005992112397391808,427.28630667180175,3.307865521415671,430.59417219321745,3.319000000000017,940.94846248999,3019.6571513798326,0.000526667590690191,707.1560213558114,2540.100112846526,0.09133155269156454,0.0002843049544419315,33.89414622195137,42152.71175385501,7.9070488300969854,0.021800654833675135,298.7312707261344,54567.181585883955,492.60434608827535,480.7722716439571,2918578.36293183
43,142.69,45.121,0.0,8.0,0.0,0.07426464870357675,3018.3610780804474,19.934178820186624,60.0,0.5,0.5,1.5,0.25,0.5,0.005992112397391808,423.95641573383267,3.329890937969097,427.28630667180175,3.3179999999999836,940.6649588857352,3019.6571513798326,0.000526667590690191,709.5695096581967,2525.49321325803,0.09191827148309645,0.000294171394505567,33.778860651880265,40738.91961836154,8.082482931536445,0.02197519955249048,292.6163205335223,53793.57278237014,490.1210505462403,478.2751167716854,2921996.9977235375
44,146.009,45.121,0.0,8.0,0.0,0.07426464870357675,3018.3610780804474,19.934178820186624,60.0,0.5,0.5,1.5,0.25,0.5,0.005992112397391808,420.6020888511539,3.354326882678774,423.95641573383267,3.3189999999999884,940.9484624899819,3019.6571513798326,0.000526667590690191,712.0007090111279,2510.779122954472,0.09250929582943992,0.0003045274334229715,33.66351927213127,39353.5145916992,8.265127470162625,0.022154367658663424,286.5331947883855,53013.96816326658,487.64370467775825,475.7839390674027,2925408.85055436
45,149.327,45.121,0.0,8.0,0.0,0.07426464870357675,3018.3610780804474,19.934178820186624,60.0,0.5,0.5,1.5,0.25,0.5,0.005992112397391808,417.22494777279815,3.3771410783557605,420.6020888511539,3.318000000000012,940.6649588857433,3019.6571513798326,0.000526667590690191,714.4484439790148,2495.9649559001564,0.09310433998230762,0.00031539806192119646,33.54818642487134,37997.141522632206,8.455271901006203,0.02233824533079986,280.4857120663229,52228.87419280514,485.17496063650907,473.30140553744917,2928810.257768109
46,152.645,45.121,0.0,8.0,0.0,0.07426464870357675,3018.3610780804474,19.934178820186624,60.0,0.5,0.5,1.5,0.25,0.5,0.005992112397391808,413.82356450518307,3.4013832676150533,417.22494777279815,3.318000000000012,940.6649588857433,3019.6571513798326,0.000526667590690191,716.9137495644659,2481.044448058436,0.09370365555074155,0.0003268200605263467,33.43282173640604,36669.18357301236,8.653398759282423,0.022527091868981167,274.4721823467331,51438.09366575721,482.71531927982215,470.8280198923698,2932200.515571588
47,155.964,45.121,0.0,8.0,0.0,0.07426464870357675,3018.3610780804474,19.934178820186624,60.0,0.5,0.5,1.5,0.25,0.5,0.005992112397391808,410.39647048024807,3.427094024934989,413.82356450518307,3.3189999999999884,940.9484624899819,3019.6571513798326,0.000526667590690191,719.3976901782686,2466.0111574086563,0.09430750129290943,0.00033883359226416374,33.31738469111263,35369.057461812685,8.860031360952894,0.022721184791548065,268.49097079199237,50641.42515020066,480.26539878048743,468.36440381859865,2935578.7572659026
48,159.282,45.121,0.0,8.0,0.0,0.07426464870357675,3018.3610780804474,19.934178820186624,60.0,0.5,0.5,1.5,0.25,0.5,0.005992112397391808,406.94529829606154,3.4511721841865315,410.39647048024807,3.318000000000012,940.6649588857433,3019.6571513798326,0.000526667590690191,721.8990825215061,2450.8722455055035,0.09491558954894987,0.0003514708126217561,33.20193939829975,34097.35421666644,9.07553821088243,0.022920637901177057,262.54587760992285,49839.39351398453,477.82815492112076,465.9135296936321,2938940.8894472155
49,162.6,45.121,0.0,8.0,0.0,0.07426464870357675,3018.3610780804474,19.934178820186624,60.0,0.5,0.5,1.5,0.25,0.5,0.005992112397391808,403.46856364423763,3.476734651823878,406.94529829606154,3.3179999999999836,940.6649588857352,3019.6571513798326,0.000526667590690191,724.4190024134748,2435.621201281813,0.09552818185043807,0.0003647779374986552,33.08644515082284,32853.480330969294,9.300510709212272,0.023125754330635892,256.6352858554154,49031.80451287056,475.404446710896,463.47626141485654,2942285.706356405
50,163.632,45.121,0.0,8.0,0.0,0.07426464870357675,3018.3610780804474,19.934178820186624,60.0,0.5,0.5,1.5,0.25,0.5,0.005992112397391808,402.3846965655307,1.0838670787069284,403.46856364423763,1.0320000000000107,292.57571958110117,3019.6571513798326,0.000526667590690191,725.2045838527862,2430.8667099543572,0.09571915662842524,0.0003690495409832958,33.05060409606117,32473.214200057915,9.372316630230522,0.023190579653751302,254.80866702035075,48780.14141760241,474.6555508149645,462.72317451508997,2943319.4873023853
51,164.663,44.526,30.0,7.79,0.0,0.07627933996781523,3018.2715354418374,19.93056643263174,60.0,0.5,0.5,1.5,0.25,0.5,0.005992112397391808,401.1281890913938,1.2565074741369389,402.3846965655307,1.031000000000006,335.24971169368985,3019.638843177089,0.000526667590690191,726.1152941875032,2425.3549142683078,0.09594055022975023,0.00037407696691325746,33.009151275882516,32036.788828975314,9.45657918205598,0.02326626389657371,252.70056908805844,48488.46328335867,474.44641200169565,462.4016003116898,2971053.550201459
52,165.694,43.931,30.0,7.583,0.0,0.07837554413909788,3018.1758317851213,19.926706098543914,60.0,0.5,0.5,1.5,0.25,0.5,0.005992112397391808,399.8738721925728,1.2543168988210045,401.1281890913938,1.0309999999999775,330.7995108290093,3019.619275270919,0.000526667590690191,727.0244168041843,2419.8527277599396,0.09616155785696193,0.0003791779052677368,32.967874304588676,31605.809906886792,9.541803490052377,0.023342393930734725,250.60625348803975,48197.375488213205,474.2541551750306,462.0962318093119,2998954.430210609
53,166.725,43.335,30.0,7.379,0.0,0.08055764136468033,3018.073457355691,19.922577382208026,60.0,0.5,0.5,1.5,0.25,0.5,0.005992112397391808,398.6214965922593,1.252375600313477,399.8738721925728,1.031000000000006,326.48269089799726,3019.5983434351037,0.000526667590690191,727.9321323774134,2414.3590569516045,0.09638222343203573,0.000384354553220828,32.926764080720965,31180.12963384402,9.628019188659357,0.02341898888489701,248.52521990837218,47906.82654740908,474.078682936952,461.80699379571746,3027016.6548378705
54,167.756,42.74,30.0,7.178,0.0,0.08283030571111108,3017.9638530486636,19.918157881058036,60.0,0.5,0.5,1.5,0.25,0.5,0.005992112397391808,397.37238749096286,1.249109101296425,398.6214965922593,1.031000000000006,321.8916297704815,3019.575933353094,0.000526667590690191,728.8374804084876,2408.8797149678576,0.09660231345782232,0.00038960252678860456,32.885863081758316,30760.131084278535,9.715146460659591,0.023495970993007348,246.45957405635176,47617.13005534613,473.92094105721606,461.5348617986421,3055232.8837815677
55,168.787,42.145,30.0,6.979,0.0,0.0852108347778389,3017.845786014971,19.913398060386967,60.0,0.5,0.5,1.5,0.25,0.5,0.005992112397391808,396.12622757641606,1.246159914546825,397.37238749096286,1.031000000000006,317.44142890580684,3019.5517929522316,0.000526667590690191,729.7406908837515,2403.4133098867064,0.09682188384398167,0.00039492416604934897,32.845159779346105,30345.635504326397,9.803217613575818,0.023573362409418215,244.40868358281577,47328.218344631714,473.78424581824964,461.2826145622513,3083735.70981293
56,169.818,41.55,30.0,6.784,0.0,0.0876806790229531,3017.719763640051,19.908318573220917,60.0,0.5,0.5,1.5,0.25,0.5,0.005992112397391808,394.8833595662077,1.2428680102083867,396.12622757641606,1.031000000000006,312.99122804113307,3019.5260259743304,0.000526667590690191,730.6415154032105,2397.9613450731267,0.09704087420449717,0.0004003190251575225,32.80466423583944,29936.68559736304,9.892218674804647,0.023651144445994258,242.37300547561296,47040.17666984972,473.6619479858231,461.04474548906614,3112243.2825333723
57,170.849,40.954,30.0,6.591,0.0,0.09027099660424621,3017.5837376803124,19.902837095295336,60.0,0.5,0.5,1.5,0.25,0.5,0.005992112397391808,393.64351430972,1.239845256487672,394.8833595662077,1.0309999999999775,308.66692560502156,3019.4982136283015,0.000526667590690191,731.5401490458864,2392.5226398710174,0.09725933196306168,0.00040578929627118314,32.76436655025449,29533.12200422046,9.982179177570934,0.023729336506983948,240.3519918235351,46752.948321496566,473.5609675032087,460.8270657179053,3141029.1070414972
58,171.88,40.359,30.0,6.4,0.0,0.09299043678479929,3017.436683778686,19.896912641060585,60.0,0.5,0.5,1.5,0.25,0.5,0.005992112397391808,392.40797935705245,1.2355349526675339,393.64351430972,1.031000000000006,304.08334698259847,3019.4681464704972,0.000526667590690191,732.4356586019052,2387.1028422476465,0.09747703025643781,0.0004113302246697859,32.724307327306974,29135.288573565198,10.073014594602514,0.023807859219838527,238.34762329822678,46466.836975582584,473.48241389436237,460.6306842704077,3170093.307242154
59,172.911,39.764,30.0,6.213,0.0,0.09581732443250197,3017.2792091754013,19.890569996770687,60.0,0.5,0.5,1.5,0.25,0.5,0.005992112397391808,391.17658622086157,1.231393136190867,392.40797935705245,1.031000000000006,299.6331461179238,3019.4359486593908,0.000526667590690191,733.3281661900506,2381.701213116431,0.09769399877169112,0.0004169433789281108,32.68447973857795,28743.05097635315,10.164744650432898,0.023886724298958096,236.3594964325294,46181.808708314114,473.41869405789026,460.4492248228707,3199135.7446381613
60,173.942,39.169,30.0,6.028,0.0,0.09878929896760257,3017.1085861618253,19.88369967931384,60.0,0.5,0.5,1.5,0.25,0.5,0.005992112397391808,389.9495946365741,1.2269915842874657,391.17658622086157,1.031000000000006,295.18294525324995,3019.4010624780826,0.000526667590690191,734.2174835553843,2376.318891832796,0.09791019174406276,0.00042262838381812,32.64489082104406,28356.412521363167,10.257357225047626,0.02396591603447424,234.38790052391596,45897.92856556984,473.3775840374709,460.28928846003816,3228446.2424334087
61,174.973,38.573,30.0,5.847,0.0,0.10188209492368824,3016.925514665622,19.876330317620795,60.0,0.5,0.5,1.5,0.25,0.5,0.005992112397391808,388.7268901666937,1.2227044698804106,389.9495946365741,1.031000000000006,290.8511603120586,3019.3636310362444,0.000526667590690191,735.1036936416313,2370.9553764052184,0.09812562933716497,0.0004283865677097039,32.605535514084956,27975.2580919034,10.350867991899959,0.024045442614460493,232.43252108898338,45615.17482056072,473.3510991042102,460.1441613584551,3257711.3106195927
62,176.004,37.978,30.0,5.667,0.0,0.10515725314387939,3016.7255220187694,19.868282422524658,60.0,0.5,0.5,1.5,0.25,0.5,0.005992112397391808,387.50971745960004,1.2171727070936476,388.7268901666937,1.0309999999999775,286.2750641947095,3019.322739836445,0.000526667590690191,735.9858943338693,2365.6161266082813,0.09834009224694037,0.00043421274089893927,32.566452392760525,27599.8920943061,10.44518709286926,0.02412522301358213,230.49520631041543,45333.839702087615,473.3521682449918,460.0249040154401,3287391.8432894303
63,177.035,37.383,30.0,5.491,0.0,0.10857123022174171,3016.5103468819902,19.85962661306566,60.0,0.5,0.5,1.5,0.25,0.5,0.005992112397391808,386.2979484590762,1.2117690005238357,387.50971745960004,1.031000000000006,281.8248633300407,3019.278744371372,0.000526667590690191,736.8641784466039,2360.3005807105837,0.09855360303658707,0.0004401080584882078,32.52763574434509,27230.18714074448,10.540328045028296,0.0242052646739128,228.57559875980468,45053.89764804798,473.3683554648454,459.9210305749219,3317006.806181141
64,178.066,36.787,30.0,5.318,0.0,0.11215174940944218,3016.2773242463068,19.850256412797698,60.0,0.5,0.5,1.5,0.25,0.5,0.005992112397391808,385.0914420613238,1.206506397752418,386.2979484590762,1.031000000000006,277.48746572438904,3019.231099743915,0.000526667590690191,737.7386482511629,2355.0081197462027,0.0987661865682557,0.00044607377822365366,32.48907949500184,26866.01495050205,10.636305867662339,0.024285576126200897,226.6733257773438,44775.31996754428,473.4035272727505,459.8358120714896,3346703.082977695
65,179.097,36.192,30.0,5.147,0.0,0.1159325901516657,3016.0230992497054,19.840037850416042,60.0,0.5,0.5,1.5,0.25,0.5,0.005992112397391808,383.89151168130513,1.1999303800186494,385.0914420613238,1.031000000000006,272.91698227150704,3019.1791200071925,0.000526667590690191,738.6083517909485,2349.7445051412133,0.09897761142138206,0.00045210383215527137,32.45082394674996,26507.682400417547,10.733018104846286,0.02436606820200885,224.7902974767952,44498.41342991023,473.46282538987776,459.7737478825675,3376639.118469872
66,180.128,35.597,30.0,4.979,0.0,0.11990593303246588,3015.7468959835915,19.828940859026954,60.0,0.5,0.5,1.5,0.25,0.5,0.005992112397391808,382.6980008241267,1.1935108571784372,383.89151168130513,1.0309999999999775,268.4667814068268,3019.122646516205,0.000526667590690191,739.4734024926771,2344.5090504151144,0.09918790516999085,0.0004581992850109521,32.41286232712689,26155.04909506169,10.830477453484168,0.02444674870396029,222.92609638333167,44223.14501597229,473.54167024028783,459.7309673382662,3406640.049165328
67,181.159,35.002,30.0,4.814,0.0,0.12408504613914674,3015.446404017941,19.816873918990893,60.0,0.5,0.5,1.5,0.25,0.5,0.005992112397391808,381.51128440227995,1.1867164218467765,382.6980008241267,1.031000000000006,264.0165805421577,3019.0612068723044,0.000526667590690191,740.3335286216495,2339.3034001590413,0.09939700175540084,0.0004643584619891649,32.37520477316705,25808.132672864373,10.928652875234766,0.024527589352201278,221.08113560472597,43949.604047577915,473.64006274754917,459.7075209813555,3436693.6356610996
68,182.19,34.406,30.0,4.652,0.0,0.12848437215454533,3015.119024540075,19.803734240365152,60.0,0.5,0.5,1.5,0.25,0.5,0.005992112397391808,380.3312659138142,1.180018488465733,381.51128440227995,1.031000000000006,259.6717004314196,3018.994269713113,0.000526667590690191,741.188800121997,2334.1271310575376,0.09960491818102413,0.00047058205689339607,32.33784642404487,25466.812045276252,11.027551314157847,0.024608593493727453,219.2550914038405,43677.770880105,473.7577041804533,459.7031605520871,3466787.42833032
69,183.221,33.811,30.0,4.492,0.0,0.1331498806177601,3014.759458079166,19.78931110407901,60.0,0.5,0.5,1.5,0.25,0.5,0.005992112397391808,379.1592677586886,1.17199815512561,380.3312659138142,1.031000000000006,255.108699483624,3018.9207514901923,0.000526667590690191,742.0382585248412,2328.9860439502636,0.09981142144316169,0.0004768631175759991,32.30082723391659,25131.372826026236,11.12705870381336,0.024689666074738603,217.44982517068183,43407.952285705505,473.9000634863139,459.72266335628126,3497092.0320747187
70,184.253,33.216,30.0,4.335,0.0,0.13807313598137727,3014.3662195606444,19.773547353393926,60.0,0.5,0.5,1.5,0.25,0.5,0.005992112397391808,377.99432737912576,1.1649403795628128,379.1592677586886,1.0319999999999823,250.84089999907812,3018.8403485599715,0.000526667590690191,742.8826014872466,2323.875916481273,0.10001668114218375,0.00048320676154488566,32.26411487034767,24801.442671183293,11.227252724360413,0.024770869032784804,215.66366744502915,43139.92852160687,474.0615375260798,459.76119844539943,3527416.9732344905
71,185.284,32.621,30.0,4.181,0.0,0.1432736284653789,3013.935450180706,19.75629115741673,60.0,0.5,0.5,1.5,0.25,0.5,0.005992112397391808,376.83854863473823,1.15577874438751,377.99432737912576,1.031000000000006,246.20829775427467,3018.752271937859,0.000526667590690191,743.7203041422849,2318.805977441143,0.10022032658307584,0.0004896013211354506,32.22777360799565,24477.517272605808,11.327946223273228,0.02485205006121521,213.8996473551851,42874.185027882806,474.24292047096696,459.81962567097526,3557746.0506646237
72,186.315,32.025,30.0,4.03,0.0,0.14877277129148347,3013.462761613583,19.73737021420427,60.0,0.5,0.5,1.5,0.25,0.5,0.005992112397391808,375.69103486999205,1.147513764746203,376.83854863473823,1.031000000000006,241.8559351384502,3018.6556243713367,0.000526667590690191,744.5520163814042,2313.772293560707,0.10042251575439108,0.0004960513639475733,32.19177312292598,24159.2416950802,11.42920881301171,0.024933265416655706,212.15618943062472,42610.51655097698,474.4433310949119,459.8971221408063,3588064.8753460427
73,187.346,31.43,30.0,3.882,0.0,0.1545941432194886,3012.943150065901,19.716588509774777,60.0,0.5,0.5,1.5,0.25,0.5,0.005992112397391808,374.55317550750357,1.1378593624884692,375.69103486999205,1.031000000000006,237.30041669574098,3018.549382767216,0.000526667590690191,745.376731158039,2308.780959681215,0.10062300384319908,0.0005025485924394669,32.15615485115715,23846.897543996496,11.530908214059014,0.02501440952895766,210.43519524684558,42349.24292013538,474.66306208329416,459.99404987781884,3618356.34401725
74,188.377,30.835,30.0,3.736,0.0,0.16080805475523943,3012.3667061976107,19.693555228446197,60.0,0.5,0.5,1.5,0.25,0.5,0.005992112397391808,373.4248394905798,1.1283360169237329,374.55317550750357,1.031000000000006,232.8502158310663,3018.431521026987,0.000526667590690191,746.1945434614252,2303.8314009093774,0.10082181394137461,0.0005090930681541658,32.12091243442105,23540.341726190036,11.63304398669971,0.0250954833801898,208.7362469556379,42090.3341067643,474.9072326462212,460.11476762395677,3648808.038825221
75,189.408,30.239,30.0,3.593,0.0,0.1674065301476274,3011.729978394142,19.66813930978372,60.0,0.5,0.5,1.5,0.25,0.5,0.005992112397391808,372.3060135622693,1.1188259283104889,373.4248394905798,1.0309999999999775,228.4922405507747,3018.301333421399,0.000526667590690191,747.0054629001351,2298.9235590922503,0.10101894838476069,0.0005156841673364061,32.08604324861745,23239.46623508749,11.73560505525295,0.02517647955619671,207.05910929208284,41833.78694834287,475.16990932821557,460.2542090364873,3679206.071959648
76,190.439,29.644,30.0,3.453,0.0,0.17442276536046156,3011.0251679947155,19.64003776909397,60.0,0.5,0.5,1.5,0.25,0.5,0.005992112397391808,371.1980863501447,1.1079272121245884,372.3060135622693,1.031000000000006,223.94233477253292,3018.1572254088455,0.000526667590690191,747.808483003847,2294.0635255835446,0.10121416250051174,0.0005223127853342587,32.05158825330406,22944.53655220062,11.83844908833991,0.025257287922523654,205.40563771277505,41579.919187964115,475.45120365850244,460.41256519580435,3709530.8207988623
77,191.47,29.049,30.0,3.316,0.0,0.18189379652637544,3010.243250373892,19.608901179123624,60.0,0.5,0.5,1.5,0.25,0.5,0.005992112397391808,370.1010246417663,1.097061708378434,371.1980863501447,1.031000000000006,219.4921339078579,3017.9973517826784,0.000526667590690191,748.603627844771,2289.251154693572,0.10140746214057991,0.0005289779714730362,32.01754399530813,22655.43262871863,11.941561364817195,0.02533790006733718,203.7755463183017,41328.72199689833,475.7504519832841,460.58925154882206,3739762.7738339645
78,192.501,28.454,30.0,3.181,0.0,0.18992322405562004,3009.3668167426295,19.574049965273957,60.0,0.5,0.5,1.5,0.25,0.5,0.005992112397391808,369.01522732361303,1.0857973181532277,370.1010246417663,1.031000000000006,215.04193304318323,3017.818153080675,0.000526667590690191,749.3906083119819,2284.488196177761,0.10159877702212496,0.0005356760606457176,31.98392043310587,22372.149280551246,12.044885513273961,0.025418275420785157,202.1691913385139,41080.28518308998,476.07340852903735,460.7892132080106,3770101.5125199277
79,193.532,27.858,30.0,3.05,0.0,0.19843919449614175,3008.3965078488986,19.53552625698872,60.0,0.5,0.5,1.5,0.25,0.5,0.005992112397391808,367.940794719632,1.0744326039810723,369.01522732361303,1.031000000000006,210.67647525781004,3017.619760312419,0.000526667590690191,750.1693516911844,2279.7750901171376,0.10178808946830817,0.0005424050800199707,31.950718241864553,22094.60279085581,12.148391787700533,0.0254983947635739,200.58648341175686,40834.62983929844,476.40698204886775,461.00121983667043,3800088.0123420153
80,194.563,27.263,30.0,2.921,0.0,0.2076258785344556,3007.3028156393957,19.49217995484371,60.0,0.5,0.5,1.5,0.25,0.5,0.005992112397391808,366.8790444156865,1.0617503039455005,367.940794719632,1.0309999999999775,206.1340519846453,3017.396140157574,0.000526667590690191,750.9389030027326,2275.1176162338506,0.10197516732366263,0.0005491551789179671,31.917975608569602,21823.02062305384,12.251930096244187,0.02557814676813652,199.0291158689308,40592.054786029716,476.76362258050875,461.2360145954515,3830143.3029807913
81,195.594,26.668,30.0,2.794,0.0,0.21756534160663804,3006.064728628105,19.443207947678097,60.0,0.5,0.5,1.5,0.25,0.5,0.005992112397391808,365.82992691579506,1.0491174998914519,366.8790444156865,1.031000000000006,201.68385111997517,3017.1429965338284,0.000526667590690191,751.6992981210662,2270.5155574088267,0.1021600193092615,0.0005559248465973817,31.885688398909416,21557.27499523505,12.35547938894174,0.02565752091884698,197.4967606321921,40352.54575940268,477.14284522549343,461.493162433399,3860255.0887166285
82,196.625,26.072,30.0,2.671,0.0,0.22817284646713928,3004.6807855863763,19.388588502730176,60.0,0.5,0.5,1.5,0.25,0.5,0.005992112397391808,364.79358054984385,1.0363463659511982,365.82992691579506,1.031000000000006,197.3127806701396,3016.8600306732333,0.000526667590690191,752.4504367853759,2265.969520439945,0.10234262105171082,0.0005627113044635747,31.853858297917153,21297.2881470864,12.45899950204712,0.025736492326869753,195.98936763375477,40116.13116381161,477.53042686482814,461.76042201105116,3889934.530598318
83,197.656,25.477,30.0,2.551,0.0,0.23960476851141838,3003.1170700256876,19.327028521526305,60.0,0.5,0.5,1.5,0.25,0.5,0.005992112397391808,363.77137548678576,1.0222050630580783,364.79358054984385,1.031000000000006,192.7759700614412,3016.540307891288,0.000526667590690191,753.1913259040551,2261.4855157103343,0.10252273113052951,0.0005695034286145245,31.822524722782642,21043.288227322137,12.562323893999345,0.025814940818767767,194.50866832474543,39883.119810430435,477.9324264875632,462.04304499220274,3919380.7688555694
84,198.687,24.882,30.0,2.433,0.0,0.2520669790486796,3001.327352741268,19.256772048581873,60.0,0.5,0.5,1.5,0.25,0.5,0.005992112397391808,362.763299018716,1.0080764680697516,363.77137548678576,1.031000000000006,188.32576919676652,3016.174376002231,0.000526667590690191,753.9219746877297,2257.0634874754996,0.10270035178481988,0.0005762989069576076,31.791684543343933,20795.154476434178,12.665421278121842,0.025892850400784456,193.05437528995594,39653.504511754225,478.35480527009827,462.3461241639272,3948808.0061888644
85,199.718,24.287,30.0,2.318,0.0,0.2655839689107372,2999.2861941821643,19.176905921271935,60.0,0.5,0.5,1.5,0.25,0.5,0.005992112397391808,361.7698633690576,0.9934356496583894,362.763299018716,1.0309999999999775,183.87556833208828,3015.757033546023,0.000526667590690191,754.642011879424,2252.705682654708,0.10287539276204413,0.0005830917679540725,31.761350696437095,20552.8965652068,12.768205339614974,0.025970164021685168,191.62695902029068,39427.39734601708,478.7895567483756,462.6627560609943,3977944.1695540524
86,200.749,23.691,30.0,2.206,0.0,0.28029147797347315,2996.9475820055177,19.085741774284852,60.0,0.5,0.5,1.5,0.25,0.5,0.005992112397391808,360.7911961426317,0.9786672264259125,361.7698633690576,1.031000000000006,179.49701537717024,3015.278872677252,0.000526667590690191,755.3513449918013,2248.412660999268,0.10304783157853903,0.000589878478716243,31.731524340937515,20316.429954971365,12.870627355081622,0.02604685369079797,190.22633389407707,39204.82243383957,479.2352435477326,462.991658496725,4006750.9792485335
87,201.78,23.096,30.0,2.096,0.0,0.2965076938164292,2994.227596647081,18.980167070703413,60.0,0.5,0.5,1.5,0.25,0.5,0.005992112397391808,359.82858525813623,0.9626108844954424,360.7911961426317,1.031000000000006,174.96768727355814,3014.722734906731,0.000526667590690191,756.0490405478292,2244.1900720933404,0.10321744130612101,0.000596647193607723,31.702241923618896,20085.94848543421,12.972514058604167,0.026122799222701443,188.85406742167456,38986.06723903783,479.6983249548535,463.33842645906367,4035441.6289614853
88,202.811,22.501,30.0,1.989,0.0,0.3143125400063812,2991.0711993187756,18.85826594532135,60.0,0.5,0.5,1.5,0.25,0.5,0.005992112397391808,358.88213363462285,0.946451623513355,359.82858525813623,1.031000000000006,170.51748640888346,3014.0773668103193,0.000526667590690191,756.7350239522935,2240.0383674016366,0.10338420381070017,0.0006033940257825632,31.673503711225425,19861.358055775985,13.07381319963294,0.026197972079476172,187.51002463354928,38771.149206528535,480.1695771836971,463.69504819974276,4063717.1493753926
89,203.842,21.906,30.0,1.886,0.0,0.33375523834928494,2987.4225775653,18.718171502085685,60.0,0.5,0.5,1.5,0.25,0.5,0.005992112397391808,357.9524435364335,0.9296900981893323,358.88213363462285,1.031000000000006,166.06728554420903,3013.331356777155,0.000526667590690191,757.4088586870107,2235.9601888169195,0.10354801297474489,0.0006101113718015109,31.64532513009843,19642.683858517677,13.174417344207054,0.026272303426767212,186.1947793063836,38560.19884689434,480.63911978207983,464.0529450422682,4091256.435820198
90,204.873,21.31,30.0,1.784,0.0,0.35575365015192245,2983.042157973684,18.551129305069836,60.0,0.5,0.5,1.5,0.25,0.5,0.005992112397391808,357.0395835263542,0.91286001007934,357.9524435364335,1.0309999999999775,161.68125008419747,3012.435720784825,0.000526667590690191,758.0704950580161,2231.9558370967056,0.10370885671765685,0.0006167952870857631,31.617705405791973,19429.825495922207,13.274274588261132,0.02634576625383605,184.90814766863636,38353.22518498788,481.12806011904104,464.43030174609754,4118780.398659398
91,205.905,20.715,30.0,1.686,0.0,0.38010401334378385,2977.883996975489,18.35602896559218,60.0,0.5,0.5,1.5,0.25,0.5,0.005992112397391808,356.11383918598517,0.9257443403690209,357.0395835263542,1.0320000000000107,157.27376762292027,3011.3810650497758,0.000505567844396,758.7414699271939,2227.8949669732424,0.10387197064864345,0.0006236641833004926,31.589745044339228,19215.829793787278,13.376643250147014,0.02642075360846814,183.6082049416988,38143.4921491085,485.85941655603614,468.4831072545227,4286156.294373328
92,206.936,20.12,30.0,1.591,0.0,0.4075334044129721,2971.6884162589386,18.123960850584773,60.0,0.5,0.5,1.5,0.25,0.5,0.005992112397391808,355.17954055732315,0.9342986286620394,356.11383918598517,1.031000000000006,152.70920362100043,3010.1142948312895,0.000487105735726,759.418644901755,2223.7965726087536,0.10403659182469699,0.000630690573687895,31.56157641174059,19001.750295247253,13.481098443777038,0.02649693682156125,182.30118792147326,37931.988553887386,490.4399942222195,472.41215787761575,4446866.298335599
93,207.967,19.524,30.0,1.498,0.0,0.4391248483078535,2964.053655716707,17.841364920791705,60.0,0.5,0.5,1.5,0.25,0.5,0.005992112397391808,354.2358474703881,0.9436930869350958,355.17954055732315,1.031000000000006,148.31755549653045,3008.5532648451353,0.000469032303028,760.1026289327001,2219.6569685136046,0.10420286828175154,0.0006378850494510534,31.53317549134462,18787.43639641173,13.587783316062827,0.02657440423436946,180.98605098468443,37718.53126318288,495.3284821198968,476.61510677627194,4615965.918094144
94,208.998,18.929,30.0,1.408,0.0,0.4756717906116955,2954.5654574530927,17.495309446119197,60.0,0.5,0.5,1.5,0.25,0.5,0.005992112397391808,353.28424599002375,0.9516014803643108,354.2358474703881,1.0309999999999775,143.801322562464,3006.613274465327,0.000451541884288,760.7923449276607,2215.482673459838,0.10437053817874818,0.0006452405949298466,31.504588274802174,18573.265366365536,13.696579352994755,0.026653053657506698,179.66499021905267,37503.46344208411,500.48013717828945,481.0539021904971,4791804.630322109
95,210.029,18.334,30.0,1.321,0.0,0.5187834612120152,2942.486854333522,17.062913829165247,60.0,0.5,0.5,1.5,0.25,0.5,0.005992112397391808,352.3251737490279,0.9590722409958313,353.28424599002375,1.031000000000006,139.35112169779205,3004.14364080017,0.000434634479506,761.4874756925733,2211.2756071674858,0.10453952440583827,0.000652757974404837,31.47582902498549,18359.36942127813,13.80748376644482,0.026732867590198026,178.3387232291832,37286.89061904647,505.8939500848247,485.7283208161902,4974188.552929851
96,211.06,17.739,30.0,1.236,0.0,0.5718396737555409,2926.3403400245934,16.498882707791832,60.0,0.5,0.5,1.5,0.25,0.5,0.005992112397391808,351.3592776520867,0.96589609694122,352.3251737490279,1.031000000000006,134.9009208331174,3000.842267709465,0.000418115750696,762.1875523541559,2207.038607348644,0.10470971297996869,0.0006604362187294464,31.446918170647482,18145.923035291715,13.920468225388861,0.026813810384043953,177.0082461537638,37068.96529969651,511.63099603525865,490.6921145627587,5164924.096549975
97,212.091,17.143,30.0,1.155,0.0,0.6388018223120918,2904.015050546019,15.74476462747216,60.0,0.5,0.5,1.5,0.25,0.5,0.005992112397391808,350.38801552377055,0.9712621283161301,351.3592776520867,1.031000000000006,130.50179020356106,2996.2775605214865,0.00040237437383,762.8915182884488,2202.7780688965718,0.10488084703594888,0.0006682676121127524,31.41790020596975,17933.271907185586,14.035405717225899,0.026895776632520955,175.67565167946464,36850.02230346913,517.5200324400507,495.7970835252606,5358327.398981567
98,213.122,15.953,0.0,1.0,1.0,1.0,2750.7809826755783,11.306101459401109,60.0,0.5,0.5,1.5,0.25,0.5,0.005992112397391808,349.11911000621814,1.268905517552405,350.38801552377055,1.031000000000006,163.70765484903563,2964.9467841961587,0.000384911850873474,763.8112146630431,2197.2118879532763,0.10510442514276837,0.0006786690019084725,31.38007027055889,17658.42371035512,14.187600540635088,0.027003738685995444,173.94262702406965,36564.279642375615,523.9201336899907,501.35383719224495,5566353.136110645
99,214.216,16.246,15.0,1.037,2.0,1.2087266408862278,2642.196096774193,8.84016852953779,60.0,0.5,0.5,1.5,0.25,0.5,0.005992112397391808,348.25130792923244,0.8678020769857075,349.11911000621814,1.093999999999994,114.56508054974437,2942.7451366136906,0.0003903609763,764.440193269432,2193.405187362371,0.10525732978600827,0.0006858954501094703,31.35425086304874,17472.378323651094,14.293034426362057,0.027078152623021417,172.76258088511682,36369.05590181334,519.5778157967046,497.56298570547125,5430324.755837569
100,215.31,16.539,15.0,1.075,2.0,1.2997345755529415,2591.5392728818124,7.854176068516449,60.0,0.5,0.5,1.5,0.25,0.5,0.005992112397391808,347.37708656526814,0.8742213639642992,348.25130792923244,1.093999999999994,116.65008745064667,2932.3876642788464,0.0003923403925,765.0738245429264,2189.570327927205,0.1054113654922075,0.000693269768684131,31.32828339001999,17286.52443266121,14.400372366601639,0.027153597844167317,171.57803636558384,36172.550203535655,517.3907380719994,495.6475462598263,5363320.647002714
101,216.404,16.832,15.0,1.113,2.0,1.3694683135397498,2551.6521906033904,7.144115342063156,60.0,0.5,0.5,1.5,0.25,0.5,0.005992112397391808,346.4957845221086,0.881302043159572,347.37708656526814,1.093999999999994,118.7350943515488,2924.2322111834433,0.0003943198087,765.7125878572983,2185.7044083846813,0.10556664879708731,0.0007008012140803889,31.302149095704955,17100.74776412831,14.50973693368871,0.027230147437966583,170.388184686742,35974.61930399709,515.3860227885624,493.8896514961262,5302438.252134274
102,217.498,17.125,15.0,1.152,2.0,1.4294135367460459,2516.7360082568193,6.567397957392929,60.0,0.5,0.5,1.5,0.25,0.5,0.005992112397391808,345.60734636626347,0.8884381558451251,346.4957845221086,1.093999999999994,120.820101252451,2917.093125767009,0.0003963513148,766.3565233904641,2181.807185570251,0.10572318946789565,0.0007084941714867604,31.27584728257756,16915.06476282644,14.621178968062242,0.027307823215824124,169.19304387724347,35775.256468967586,513.4409152533538,492.18242464268616,5243761.0172980195
103,218.592,17.419,15.0,1.192,2.0,1.4829890077187409,2485.1110954628634,6.079160206658551,60.0,0.5,0.5,1.5,0.25,0.5,0.005992112397391808,344.7116013147401,0.8957450515233857,345.60734636626347,1.0940000000000225,122.9367865482358,2910.626984896213,0.0003984349108,767.005754925083,2177.877910327239,0.10588101759618594,0.0007163541932585649,31.249373861488614,16729.468337819813,14.734765578266579,0.02738665771062074,167.99247900426747,35574.42925095548,511.53096131848446,490.5045990842796,5186502.684437194
104,219.686,17.712,15.0,1.233,2.0,1.531969219556995,2455.904049902968,5.655583950622758,60.0,0.5,0.5,1.5,0.25,0.5,0.005992112397391808,343.80907761754946,0.9025236971906235,344.7116013147401,1.093999999999994,124.99723111876362,2904.6552096619066,0.0004005705967,767.6598995881882,2173.9188998771424,0.10604004010557407,0.0007243807824220718,31.222745388192255,16544.095433775354,14.850476028180571,0.02746662213980064,166.78729050367144,35372.26194821871,509.64393984309805,488.8455549690773,5130268.268925131
105,220.78,18.005,15.0,1.274,2.0,1.576381815779813,2429.214457646751,5.290381073227893,60.0,0.5,0.5,1.5,0.25,0.5,0.005992112397391808,342.8995125364725,0.9095650810769491,343.80907761754946,1.093999999999994,127.08223801966582,2899.1981617820525,0.0004027062826,768.3191478111274,2169.92900169249,0.10620030328990362,0.000732580496889735,31.195955037501278,16358.918706768998,14.968391021783999,0.02754775768072165,165.57721820453682,35168.70158244073,507.81508191716205,487.2361656445904,5076132.680567665
106,221.874,18.298,15.0,1.316,2.0,1.6181222629236698,2403.9804748103747,4.963443897898513,60.0,0.5,0.5,1.5,0.25,0.5,0.005992112397391808,341.9830818294848,0.9164307069877469,342.8995125364725,1.093999999999994,129.16724492056804,2894.038732922459,0.0004048940584,768.9833722053986,2165.908986753218,0.10636177618104117,0.0007409561223559191,31.16900892255595,16174.000636743482,15.088536331593934,0.027630067062750743,164.3625874536226,34963.79347855803,505.9954386443625,485.63367035889394,5022569.510415577
107,222.968,18.591,15.0,1.358,2.0,1.6567524273253278,2380.519161094586,4.674803140154713,60.0,0.5,0.5,1.5,0.25,0.5,0.005992112397391808,341.0597450905208,0.923336738963978,341.9830818294848,1.093999999999994,131.25225182147034,2889.2417502244,0.0004070818342,769.652602057116,2161.8586778140784,0.10652446589843845,0.0007495125112682037,31.14190678431375,15989.359236319953,15.210966916841786,0.027713572642115894,163.14343538600997,34757.534638662226,504.22255757980156,484.0709960561895,4970718.5091576455
108,224.062,18.884,15.0,1.401,2.0,1.69360631374537,2358.0581520142487,4.4117564367168,60.0,0.5,0.5,1.5,0.25,0.5,0.005992112397391808,340.1297006327463,0.9300444577745272,341.0597450905208,1.0940000000000225,133.3372587223757,2884.6492933294217,0.00040932169989999997,770.3266936298887,2157.7789447956047,0.10668833749979162,0.0007582524204370533,31.11465536345949,15805.059729154524,15.335707219756554,0.027798275513377754,161.92011350462062,34549.975435171065,502.4528515755073,482.5100031163431,4919235.953260497
109,225.156,19.177,15.0,1.445,2.0,1.7289134506644155,2336.482989922764,4.170854919879744,60.0,0.5,0.5,1.5,0.25,0.5,0.005992112397391808,339.19315003604817,0.9365505966980867,340.1297006327463,1.093999999999994,135.42226562327465,2880.23795982464,0.0004116136555,771.0055008196225,2153.6706719481285,0.1068533554672084,0.0007671786161731517,31.087261458040718,15621.16636483359,15.46278147816253,0.02788417642127773,160.6929737082658,34341.166881464196,500.68547745672,480.949960136775,4868094.2722530905
110,226.25,19.471,15.0,1.49,2.0,1.7628546657262727,2315.7029337994754,3.949330842918462,60.0,0.5,0.5,1.5,0.25,0.5,0.005992112397391808,338.2500558593108,0.9430941767373657,339.19315003604817,1.093999999999994,137.54229175880334,2875.9891964819017,0.00041395770099999997,771.6890507634508,2149.5336950324527,0.1070195263977235,0.0007762962302192183,31.05972485401297,15437.695467617294,15.592247137980005,0.027971298202927198,159.46205253477893,34131.10668136189,498.91991200184196,479.3904124082573,4817276.566417548
111,227.344,19.764,15.0,1.535,2.0,1.794883718543429,2296.0686848897267,3.749148231876789,60.0,0.5,0.5,1.5,0.25,0.5,0.005992112397391808,337.3008371098167,0.9492187494940969,338.2500558593108,1.093999999999994,139.59939548958727,2871.9747089109833,0.0004163017465,772.3770397669904,2145.369852065922,0.10718677646325936,0.0007856060574608828,31.032058639130444,15254.751005252196,15.724099622071009,0.028059621637192726,158.22797961219354,33919.894161850694,497.19233552221357,477.8631748970087,4767859.62088386
112,228.438,20.057,15.0,1.581,2.0,1.8258845417303575,2277.0508954338725,3.563412170871536,60.0,0.5,0.5,1.5,0.25,0.5,0.005992112397391808,336.34550940868587,0.9553277011308549,337.3008371098167,1.093999999999994,141.68440239048948,2868.0862648076304,0.00041869788189999996,773.0694565081316,2141.1792115721414,0.10735510291141212,0.0007951128505131878,31.00426409009876,15072.357071136086,15.858390148231393,0.028149164781719204,156.99085468543637,33707.538721811135,495.46464520735293,476.3348025605118,4718694.519554143
113,229.533,20.35,15.0,1.627,2.0,1.8553228469502265,2258.986727088682,3.3941784039452254,60.0,0.5,0.5,1.5,0.25,0.5,0.005992112397391808,335.3832440360162,0.9622653726696587,336.34550940868587,1.0949999999999989,143.89203373998734,2864.3928014297294,0.0004210940173,773.7669016389157,2136.9581382883885,0.10752465176063962,0.0008048300965214066,30.97631798258579,14890.378536514962,15.995292210101628,0.028240026139196864,155.74969027986344,33493.86241833959,493.77183301152047,474.83609775607044,4670814.696344333
114,230.627,20.643,15.0,1.674,2.0,1.8839578926698128,2241.4175722218674,3.236082705594324,60.0,0.5,0.5,1.5,0.25,0.5,0.005992112397391808,334.41588988073676,0.9673541552794389,335.3832440360162,1.0940000000000225,145.85441619229744,2860.800550248206,0.0004235422426,774.4680350938914,2132.71474255084,0.1076950972411499,0.0008147443005326134,30.94827482022735,14709.185184786575,16.134598748393532,0.028332051374400712,154.5069489775059,33279.28178913177,492.07787193988764,473.3354055554957,4623141.708150011
115,231.721,20.936,15.0,1.722,2.0,1.9118477720209808,2224.3135656748714,3.088136017806853,60.0,0.5,0.5,1.5,0.25,0.5,0.005992112397391808,333.44283165624284,0.9730582244939145,334.41588988073676,1.093999999999994,147.93942309319613,2857.303404927729,0.0004260425578,775.1733028297135,2128.446325343275,0.10786654776496599,0.0008248668255076223,30.920117478339566,14528.678356543842,16.276452709646286,0.028425318430033243,153.2619085419532,33063.66595658088,490.38303757629075,471.8329629560805,4575685.0729852
116,232.815,21.229,15.0,1.771,2.0,1.9390430496974311,2207.64842089394,2.9494688574987333,60.0,0.5,0.5,1.5,0.25,0.5,0.005992112397391808,332.464271406475,0.9785602497678116,333.44283165624284,1.093999999999994,150.0244299940983,2853.8959908270863,0.0004285949629,775.882558405944,2124.1537729516435,0.10803896773243048,0.0008352008795307733,30.891852548935468,14348.913044148743,16.420881619505572,0.02851982825352574,152.01489879520562,32847.06549156781,488.68769898164726,470.3290977163115,4528454.9787828205
117,233.909,21.523,15.0,1.82,2.0,1.9650684257834592,2191.7167244660295,2.82181161720917,60.0,0.5,0.5,1.5,0.25,0.5,0.005992112397391808,331.47995472498525,0.9843166814897456,332.464271406475,1.093999999999994,152.14779696937381,2850.6385401556863,0.000431147368,776.5959862151043,2119.8359693966204,0.10821240196934893,0.0008457546387131321,30.86347343408541,14169.859964372592,16.567981782124818,0.028615626270989607,150.76566713867828,32629.429951175433,487.02452834978465,468.85266404220584,4482393.195869435
118,235.003,21.816,15.0,1.87,2.0,1.990525708042859,2176.152553707472,2.701594372290045,60.0,0.5,0.5,1.5,0.25,0.5,0.005992112397391808,330.4905319881702,0.9894227368150684,331.47995472498525,1.093999999999994,154.20155986041095,2847.456235074953,0.000433751863,777.3131148676342,2115.4957676193076,0.10838673588096118,0.0008565266929657715,30.8349996045657,13991.653608934905,16.717715309852203,0.028712670085224528,149.51510736718367,32410.90890484098,485.36044791807694,467.37450000726585,4436533.818000075
119,236.097,22.109,15.0,1.921,2.0,2.015445640164079,2160.939544988401,2.588258962308555,60.0,0.5,0.5,1.5,0.25,0.5,0.005992112397391808,329.4959970417253,0.9945349464448864,330.4905319881702,1.0940000000000225,156.28656676131706,2844.3457298195844,0.00043640844789999997,778.0339488241427,2111.133140623232,0.10856197055164091,0.0008675226843370753,30.806431551979447,13814.30711975153,16.870142277633374,0.028810980955407562,148.2632748843274,32191.506563764386,483.69591683426387,465.8950122646439,4390889.793839584
120,237.191,22.402,15.0,1.972,2.0,2.039395469937899,2146.3431198018657,2.48328226112434,60.0,0.5,0.5,1.5,0.25,0.5,0.005992112397391808,328.49634299011205,0.9996540516132093,329.4959970417253,1.093999999999994,158.37157366221535,2841.3612934013377,0.0004390650328,778.7584930824818,2106.7480581604254,0.10873810719636542,0.0008787484406302437,30.77776974822492,13637.833355571542,17.025324595416055,0.028910580719309954,147.01022410520463,31971.22701542689,482.06197314333514,464.44167908169044,4346339.201872359
121,238.285,22.695,15.0,2.024,2.0,2.0628952998355503,2132.047085980675,2.383941386069135,60.0,0.5,0.5,1.5,0.25,0.5,0.005992112397391808,327.49176201400826,1.0045809761037845,328.49634299011205,1.093999999999994,160.45658056311757,2838.438276057898,0.0004417737076,779.4866083510569,2102.3413632506486,0.10891511195336057,0.0008902076852807521,30.74902035875974,13462.279637592717,17.183294449082144,0.02901147166286473,145.75625736119957,31750.11817679577,480.42742527983506,462.98693445286597,4301987.737319053
122,239.379,22.988,15.0,2.077,2.0,2.0859648986975485,2118.040625901997,2.2898578456580565,60.0,0.5,0.5,1.5,0.25,0.5,0.005992112397391808,326.48244270540164,1.0093193086066188,327.49176201400826,1.093999999999994,162.54158746401976,2835.5744659800653,0.0004445344723,780.2181579393384,2097.9138831715145,0.10909295159317071,0.0009019042285581589,30.720189405577468,13287.691104345253,17.34408478963277,0.02911365632311067,144.5016682806308,31528.227005742538,478.7927864004969,461.5312363125346,4257849.02169736
123,240.473,23.281,15.0,2.13,2.0,2.108210232167336,2104.563099703092,2.20227894780686,60.0,0.5,0.5,1.5,0.25,0.5,0.005992112397391808,325.4683757259014,1.0140669795002326,326.48244270540164,1.0940000000000225,164.62659436492598,2832.8188035831517,0.000447295237,780.9531486157452,2093.465576959239,0.1092716277611979,0.0009138442758852783,30.691277232253665,13114.077650892992,17.507760920775905,0.029217157407532463,143.24650181771466,31305.55684943815,477.1875570123004,460.10076540833137,4214741.928979022
124,241.567,23.575,15.0,2.184,2.0,2.1300888206633393,2091.3371953952656,2.1190761108921454,60.0,0.5,0.5,1.5,0.25,0.5,0.005992112397391808,324.44948999984086,1.018885726060552,325.4683757259014,1.093999999999994,166.75330217994434,2830.114588682853,0.0004501080916,781.6916318955654,2088.996132833302,0.10945115298080403,0.0009260349740846905,30.662282428999365,12941.438639106518,17.674400196319382,0.029322004546313275,141.9907269316009,31082.097550492443,475.5822239405595,458.66937684776286,4171835.616223169
125,242.661,23.868,15.0,2.238,2.0,2.1512290534058796,2078.5872587466033,2.0413725258113535,60.0,0.5,0.5,1.5,0.25,0.5,0.005992112397391808,323.4262420370308,1.0232479628100408,324.44948999984086,1.093999999999994,168.80372423123458,2827.507691803765,0.00045292094619999996,782.4332769027702,2084.5075533196396,0.10963144681605605,0.0009384772553255688,30.63321857225366,12769.861738019583,17.843994439178815,0.02942817317404798,140.73495988586077,30857.954539773054,474.00536828193236,457.26247962540657,4129912.535276364
126,243.755,24.161,15.0,2.294,2.0,2.1724257392623314,2065.834293248326,1.9660486477754666,60.0,0.5,0.5,1.5,0.25,0.5,0.005992112397391808,322.39878960601817,1.027452431012625,323.4262420370308,1.093999999999994,170.8887311321369,2824.900175635435,0.0004558379806,783.1779692875061,2080.0005304857596,0.10981248146851465,0.0009511756114114998,30.60409067861352,12599.381913293162,18.01658381509478,0.02953566906369251,139.4794427679924,30633.167448397828,472.4009454622623,455.8302858633161,4087429.3677400746
127,244.849,24.454,15.0,2.35,2.0,2.1929320303365922,2053.527879496444,1.8955800977644763,60.0,0.5,0.5,1.5,0.25,0.5,0.005992112397391808,321.3671181562526,1.031671449765531,322.39878960601817,1.093999999999994,172.97373803303904,2822.3839630073585,0.000458755015,783.9257195959389,2075.4750005042174,0.10999425950195185,0.000964136786583774,30.574898858939545,12430.004706331476,18.192238455731268,0.02964451620848463,138.22420481742563,30407.738108277714,470.8250925546906,454.4227151954653,4045919.7486089105
128,245.943,24.747,15.0,2.406,2.0,2.2127928625569075,2041.6394922034897,1.8295235989920147,60.0,0.5,0.5,1.5,0.25,0.5,0.005992112397391808,320.3312139317726,1.0359042244800347,321.3671181562526,1.0940000000000225,175.0587449339455,2819.9532215389577,0.00046167204940000003,784.6765377983209,2070.9309030331137,0.1101767833401351,0.0009773677297769934,30.545643249151986,12261.735710793384,18.37103039189174,0.02975473909436928,136.96927620970445,30181.668538423455,469.2769670613032,453.03908234427536,4005344.8968668734
129,247.037,25.04,15.0,2.464,2.0,2.232725800331123,2029.739638947974,1.7653423666458568,60.0,0.5,0.5,1.5,0.25,0.5,0.005992112397391808,319.29143272401177,1.0397812077608117,320.3312139317726,1.093999999999994,177.1437518348434,2817.520135699534,0.0004646932636,785.4301660187999,2066.36979878715,0.11035999029346766,0.0009908707729229334,30.516334394257946,12094.639505242234,18.552968645830195,0.029866322971199837,135.7151318261529,29955.041262021838,467.70327588919497,451.6319309500196,3964265.0849965927
130,248.131,25.334,15.0,2.522,2.0,2.2520506214323714,2018.234372604536,1.7050905225572706,60.0,0.5,0.5,1.5,0.25,0.5,0.005992112397391808,318.2474964824242,1.043936241587558,319.29143272401177,1.093999999999994,179.27332345937586,2815.1677284876187,0.0004677144778,786.1868057870214,2061.790468069802,0.11054392935378841,0.0010046565914498143,30.486964946674906,11928.677815659627,18.738174009586505,0.029979321221680694,134.46147918130598,29727.800510848356,466.15746722373325,450.2489067208233,3924111.5907177846
131,249.225,25.627,15.0,2.581,2.0,2.2711228176946228,2006.9110952151605,1.647480616761478,60.0,0.5,0.5,1.5,0.25,0.5,0.005992112397391808,317.20004752672224,1.0474489557019715,318.2474964824242,1.093999999999994,181.32088170115605,2812.852531377169,0.0004707877819,786.9459915528694,2057.19572848072,0.1107284873459056,0.0010187238627880765,30.45755343676207,11763.958058256141,18.926605332214024,0.030093687897191055,133.20912926675985,29500.09076874704,464.6133784658138,448.86670901287084,3884178.465059273
132,250.319,25.92,15.0,2.64,2.0,2.289639336611287,1995.9487681057253,1.5932670035121232,60.0,0.5,0.5,1.5,0.25,0.5,0.005992112397391808,316.14884847915675,1.0511990475654835,317.20004752672224,1.093999999999994,183.40588860205838,2810.6111354301447,0.000473861086,787.7078953665496,2052.5845387386694,0.11091370609520892,0.001033083017757088,30.42809362525664,11600.447000670281,19.118378639890054,0.030209472467750798,131.9578343161928,29271.86490461296,463.0965320857664,447.5081591315262,3845131.995379245
133,251.413,26.213,15.0,2.7,2.0,2.307933016349416,1985.149341828252,1.5413259832122377,60.0,0.5,0.5,1.5,0.25,0.5,0.005992112397391808,315.0940586896633,1.0547897894934244,316.14884847915675,1.0940000000000225,185.49089550296497,2808.403046760023,0.00047698648,788.4724017320254,2047.957597848077,0.11109955752462217,0.0010477393718408602,30.39859040965302,11438.17357338356,19.31354053008285,0.03032668159426515,130.70782027801624,29043.16199579088,461.58159743444946,446.1506592674314,3806298.0811977806
134,252.507,26.506,15.0,2.761,2.0,2.326008482970125,1974.509846743264,1.4915465876382596,60.0,0.5,0.5,1.5,0.25,0.5,0.005992112397391808,314.0358338553263,1.058224834337033,315.0940586896633,1.093999999999994,187.57590240386267,2806.227658183874,0.0004801639639,789.2393978008288,2043.3155887897744,0.11128601420069276,0.0010626983717051514,30.369048550229458,11277.164917035057,19.512138741627506,0.030445322287660434,129.4593050329069,28814.02011660779,460.06906899343477,444.7946603802708,3767687.457913779
135,253.601,26.799,15.0,2.822,2.0,2.3435860688056542,1964.1938660341443,1.444571791099725,60.0,0.5,0.5,1.5,0.25,0.5,0.005992112397391808,312.97415125945895,1.0616825958673484,314.0358338553263,1.093999999999994,189.66090930476486,2804.118416494571,0.00048334144779999997,790.0089000379005,2038.6584119147426,0.11147308012604636,0.0010779681342587796,30.33946780652389,11117.420277941772,19.714255694718325,0.03056542177555989,128.21229367343167,28584.43857160527,458.5833423818941,443.46203351195373,3729922.854585299
136,254.696,27.092,15.0,2.884,2.0,2.3609696744403528,1954.021997354753,1.3994710896509184,60.0,0.5,0.5,1.5,0.25,0.5,0.005992112397391808,311.90825167979136,1.065899579667609,312.97415125945895,1.0949999999999989,191.90946099145327,2802.0386404575997,0.0004865710216,790.7814587237456,2033.9827368185727,0.11166088907382479,0.001093567913306928,30.309827481603175,10958.829944583464,19.920119530253807,0.030687092409957283,126.96593206801349,28354.257713602456,457.1002472036625,442.1311634209908,3692373.999725676
137,255.79,27.386,15.0,2.947,2.0,2.3781626600373635,1943.9919608306245,1.3561583815275797,60.0,0.5,0.5,1.5,0.25,0.5,0.005992112397391808,310.839836974107,1.0684147056843571,311.90825167979136,1.093999999999994,193.8788286699464,2799.98786392181,0.0004898526853,791.5558403603521,2029.2960288706179,0.11184914118077108,0.0011094810287226899,30.28017527942906,10801.649135524807,20.1294835340346,0.030810165541253168,125.72223995133281,28123.8491317588,455.62028169660624,440.80250906433895,3655050.582625924
138,256.884,27.679,15.0,3.01,2.0,2.3949060606079127,1934.2537821248611,1.3151843143277078,60.0,0.5,0.5,1.5,0.25,0.5,0.005992112397391808,309.76846239936805,1.0713745747389636,310.839836974107,1.0940000000000225,195.92304607198443,2797.9967616618064,0.000493134349,792.33236729525,2024.5963371610678,0.1120379148095411,0.0011257220915544131,30.250499132563863,10645.811150632771,20.342513756140267,0.03093471663007502,124.48071900596054,27893.12038284046,454.16678147177737,439.4970450903157,3618534.9740938763
139,257.978,27.972,15.0,3.074,2.0,2.4114788841259633,1924.6441354983976,1.2757711168601362,60.0,0.5,0.5,1.5,0.25,0.5,0.005992112397391808,308.69404653118033,1.074415868187693,309.76846239936805,1.093999999999994,198.00805297288204,2796.0319395226875,0.0004964681026,793.1110985444332,2019.8833045136757,0.1122272243069177,0.0011423007769816881,30.220797103401555,10491.30407356427,20.5593097611351,0.031060780776380165,123.24129794922781,27662.05757764733,452.71666222605035,438.1940784214948,3582237.3384570433
140,259.072,28.265,15.0,3.139,2.0,2.427883590676032,1915.1612420768345,1.2378509900305423,60.0,0.5,0.5,1.5,0.25,0.5,0.005992112397391808,307.6167292738352,1.0773172573451686,308.69404653118033,1.093999999999994,200.09305987378414,2794.093033789537,0.0004998539461,793.8919327059707,2015.1575446326055,0.1124170450221005,0.0011592236014434868,30.19107337175108,10338.147687694278,20.779928754627704,0.031188367700733594,122.00416031328321,27430.69436564385,451.27039090171826,436.89404057211556,3546166.4146353262
141,260.166,28.558,15.0,3.205,2.0,2.444122632737926,1905.8033048629695,1.2013592128340278,60.0,0.5,0.5,1.5,0.25,0.5,0.005992112397391808,306.53664711044024,1.0800821633949578,307.6167292738352,1.093999999999994,202.17806677468633,2792.1796770419896,0.0005032918795,794.6747708575884,2010.419656214657,0.11260735290709349,0.001176497245489937,30.16133199208177,10186.360266226497,21.004429344563476,0.0313174875261454,120.76948232166465,27199.06343240536,449.8284241045142,435.5973549948669,3510330.3803796605
142,261.26,28.851,15.0,3.271,2.0,2.459961444905298,1896.7044503516777,1.1667447594242353,60.0,0.5,0.5,1.5,0.25,0.5,0.005992112397391808,305.4537691688765,1.0828779415637788,306.53664711044024,1.093999999999994,204.26307367558852,2790.3192932548086,0.0005067298129,795.4596353752441,2005.6695038361934,0.11279815340148996,0.0011941312525472593,30.131572393689762,10035.935973721049,21.23290643142849,0.03144817066682892,119.53724685886517,26967.161416756095,448.4128075783179,434.323908220464,3475261.8416039636
143,262.354,29.144,15.0,3.338,2.0,2.4756509608271853,1887.7194896826002,1.133386030218532,60.0,0.5,0.5,1.5,0.25,0.5,0.005992112397391808,304.36822789118196,1.085541277694535,305.4537691688765,1.093999999999994,206.34808057649073,2788.482196603085,0.0005102198362,796.2464302656108,2000.907668467459,0.11298942316932067,0.001212132748139336,30.10179848664674,9886.8913600262,21.46542254063898,0.03158042831363539,118.30762151584456,26735.019823219176,447.0017765387712,433.05412757029836,3440420.0788899707
144,263.448,29.438,15.0,3.405,2.0,2.4909671363061214,1878.975730328177,1.1016923734845896,60.0,0.5,0.5,1.5,0.25,0.5,0.005992112397391808,303.27972325456113,1.0885046366208122,304.36822789118196,1.093999999999994,208.48433388051689,2786.6944168202785,0.0005137098595,797.0353729837104,1996.1328340284576,0.11318121507388214,0.0012305163538567157,30.072002325117747,9739.18368270552,21.702135775260675,0.03171432513185156,117.08028411710032,26502.577635137517,445.6167967735352,431.80741149322466,3406315.035809932
145,264.542,29.731,15.0,3.473,2.0,2.506148259665126,1870.3361510787763,1.071107753504065,60.0,0.5,0.5,1.5,0.25,0.5,0.005992112397391808,302.18888257316297,1.090840681398137,303.27972325456113,1.093999999999994,210.5252104428035,2784.927938068068,0.0005172519727,797.8260088553843,1991.3477522954367,0.11337341858392685,0.001249281265458738,30.04220133654706,9592.895632180149,21.943004551057523,0.03184981214384667,115.85595658704645,26269.97172316895,444.2367141095114,430.56470385903157,3372429.195118359
146,265.636,30.024,15.0,3.542,2.0,2.521195653004485,1861.7996294881411,1.0415886410612571,60.0,0.5,0.5,1.5,0.25,0.5,0.005992112397391808,301.0956007658341,1.093281807328854,302.18888257316297,1.094000000000051,212.6102173437159,2783.1825308471452,0.0005208461757999999,798.6184140429273,1986.5519623194077,0.11356605221450186,0.0012684391346034826,30.01239286260545,9448.009343018195,22.18814692237325,0.03198693031066167,114.634531001505,26037.182266603697,442.8619824281902,429.32643046198785,3338769.4849965735
147,266.73,30.317,15.0,3.612,2.0,2.536110673380962,1853.3650103605542,1.01309321846562,60.0,0.5,0.5,1.5,0.25,0.5,0.005992112397391808,300.0,1.095600765834067,301.0956007658341,1.093999999999994,214.69522424460777,2781.4579589621303,0.0005244924688,799.4125,1981.7459999999999,0.11375909444,0.0012879979573869294,29.98258044447295,9304.537112075108,22.43763289981159,0.03212569284162077,113.41615320073672,25804.23776596823,441.4930418273228,428.09300522104724,3305342.3628813126
